{
  "projectType": [
    "com.watt.common.builder.sapui5clientbuild",
    "sap.watt.uitools.ide.fiori"
  ],
  "build": {
    "targetFolder": "dist",
    "sourceFolder": "webapp",
    "buildRequired": false,
    "lastBuildDateTime": "Mon, 30 May 2016 18:57:00 GMT"
  },
  "generation": [
    {
      "templateId": "fioriexttemplate.extensionProject",
      "templateVersion": "1.4.0",
      "dateTimeStamp": "Wed, 18 May 2016 13:22:01 GMT"
    },
    {
      "templateId": "fioriexttemplate.extendviewcomponent",
      "templateVersion": "1.4.0",
      "dateTimeStamp": "Mon, 30 May 2016 12:57:48 GMT"
    },
    {
      "templateId": "servicecatalog.connectivityComponent",
      "templateVersion": "0.0.0",
      "dateTimeStamp": "Wed, 25 May 2016 16:03:20 GMT"
    },
    {
      "templateId": "fioriexttemplate.replaceservicecomponent",
      "templateVersion": "1.4.0",
      "dateTimeStamp": "Wed, 25 May 2016 16:18:05 GMT"
    },
    {
      "templateId": "fioriexttemplate.hidecontrolcomponent",
      "templateVersion": "1.4.0",
      "dateTimeStamp": "Mon, 30 May 2016 12:52:14 GMT"
    }
  ],
  "mockpreview": {
    "mockUri": "/sap/opu/odata/sap/GBAPP_POAPPROVAL",
    "metadataFilePath": "localService/metadata.xml",
    "loadJSONFiles": false,
    "loadCustomRequests": false,
    "mockRequestsFilePath": ""
  },
  "translation": {
    "translationDomain": "",
    "supportedLanguages": "en,fr,de",
    "defaultLanguage": "en",
    "defaultI18NPropertyFile": "i18n.properties",
    "resourceModelName": "i18n"
  },
  "basevalidator": {
    "services": {
      "xml": "fioriXmlAnalysis",
      "js": "fioriJsValidator"
    }
  },
  "codeCheckingTriggers": {
    "notifyBeforePush": true,
    "notifyBeforePushLevel": "Error",
    "blockPush": false,
    "blockPushLevel": "Error"
  },
  "extensibility": {
    "controllers": {
      "Main": "MM_PO_APV%2fMain.controller.js",
      "AccountAssignmentTable": "MM_PO_APV%2fview%2fAccountAssignmentTable.controller.js",
      "ItemServiceLimit": "MM_PO_APV%2fview%2fItemServiceLimit.controller.js",
      "ItemServiceLine": "MM_PO_APV%2fview%2fItemServiceLine.controller.js",
      "S2": "MM_PO_APV%2fview%2fS2.controller.js",
      "S3": "MM_PO_APV%2fview%2fS3.controller.js",
      "S4": "MM_PO_APV%2fview%2fS4.controller.js"
    },
    "views": {
      "Main": "MM_PO_APV%2fMain.view.xml",
      "AccountAssignmentTable": "MM_PO_APV%2fview%2fAccountAssignmentTable.view.xml",
      "ItemServiceLimit": "MM_PO_APV%2fview%2fItemServiceLimit.view.xml",
      "ItemServiceLine": "MM_PO_APV%2fview%2fItemServiceLine.view.xml",
      "S2": "MM_PO_APV%2fview%2fS2.view.xml",
      "S3": "MM_PO_APV%2fview%2fS3.view.xml",
      "S4": "MM_PO_APV%2fview%2fS4.view.xml"
    },
    "fragments": {},
    "type": "abaprep",
    "shouldLinkComponentToManifest": false,
    "component": "MM_PO_APV%2fComponent.js",
    "configuration": "MM_PO_APV%2fConfiguration.js",
    "versionJsonPath": "MM_PO_APV%2fversion.json",
    "system": {
      "name": "GTW_Eldorado",
      "proxyUrlPrefix": "/destinations/GTW_Eldorado",
      "sapClient": "001"
    },
    "BSPName": "MM_PO_APV",
    "namespace": "ui.s2p.mm.purchorder.approve",
    "resourceBundle": "i18n/i18n.properties",
    "parentResourceRootUrl": "/destinations/GTW_Eldorado/sap/bc/ui5_ui5/sap/MM_PO_APV"
  },
  "deploy": {
    "destination": "GTW_Eldorado",
    "name": "ZMM_PO_APV"
  }
}