[{
	"__metadata": {
		"id": "https://ldcigm4.wdf.sap.corp:44355/sap/opu/odata/SAP/GBAPP_POAPPROVAL;mo/WorkflowTaskCollection(SAP__Origin='Q5K_004',WorkitemID='000003175264')",
		"uri": "https://ldcigm4.wdf.sap.corp:44355/sap/opu/odata/SAP/GBAPP_POAPPROVAL;mo/WorkflowTaskCollection(SAP__Origin='Q5K_004',WorkitemID='000003175264')",
		"type": "GBAPP_POAPPROVAL.WorkflowTask"
	},
	"SAP__Origin": "Q5K_004",
	"WorkitemID": "000003175264",
	"TaskType": "TS20000166",
	"PoNumber": "4500019665",
	"PoNumberFormatted": "4500019665",
	"WiCreatedAt": "\/Date(1414087393000)\/",
	"ForwardedByID": "",
	"ForwardedByName": "",
	"SubstitutingForID": "",
	"SubstitutingForName": "",
	"CreatedByID": "MMDEMO",
	"CreatedByName": "Martin Miller",
	"Value": "50001000.00",
	"Currency": "EUR",
	"SupplierID": "1000",
	"SupplierName": "leitz 1",
	"ItemDescriptions": "2 items",
	"SearchForText": "",
	"HeaderDetails": {
		"__deferred": {
			"uri": "https://ldcigm4.wdf.sap.corp:44355/sap/opu/odata/SAP/GBAPP_POAPPROVAL;mo/WorkflowTaskCollection(SAP__Origin='Q5K_004',WorkitemID='000003175264')/HeaderDetails"
		}
	}
}, {
	"__metadata": {
		"id": "https://ldcigm4.wdf.sap.corp:44355/sap/opu/odata/SAP/GBAPP_POAPPROVAL;mo/WorkflowTaskCollection(SAP__Origin='Q5K_004',WorkitemID='000003175265')",
		"uri": "https://ldcigm4.wdf.sap.corp:44355/sap/opu/odata/SAP/GBAPP_POAPPROVAL;mo/WorkflowTaskCollection(SAP__Origin='Q5K_004',WorkitemID='000003175265')",
		"type": "GBAPP_POAPPROVAL.WorkflowTask"
	},
	"SAP__Origin": "Q5K_004",
	"WorkitemID": "000003175265",
	"TaskType": "TS20000166",
	"PoNumber": "4500019665",
	"PoNumberFormatted": "4500019665",
	"WiCreatedAt": "\/Date(1414087393000)\/",
	"ForwardedByID": "",
	"ForwardedByName": "",
	"SubstitutingForID": "",
	"SubstitutingForName": "",
	"CreatedByID": "MMDEMO",
	"CreatedByName": "Martin Miller",
	"Value": "50001000.00",
	"Currency": "EUR",
	"SupplierID": "1000",
	"SupplierName": "leitz 1",
	"ItemDescriptions": "2 items",
	"SearchForText": "",
	"HeaderDetails": {
		"__deferred": {
			"uri": "https://ldcigm4.wdf.sap.corp:44355/sap/opu/odata/SAP/GBAPP_POAPPROVAL;mo/WorkflowTaskCollection(SAP__Origin='Q5K_004',WorkitemID='000003175265')/HeaderDetails"
		}
	}
}, {
	"__metadata": {
		"id": "https://ldcigm4.wdf.sap.corp:44355/sap/opu/odata/SAP/GBAPP_POAPPROVAL;mo/WorkflowTaskCollection(SAP__Origin='Q5K_004',WorkitemID='000003175268')",
		"uri": "https://ldcigm4.wdf.sap.corp:44355/sap/opu/odata/SAP/GBAPP_POAPPROVAL;mo/WorkflowTaskCollection(SAP__Origin='Q5K_004',WorkitemID='000003175268')",
		"type": "GBAPP_POAPPROVAL.WorkflowTask"
	},
	"SAP__Origin": "Q5K_004",
	"WorkitemID": "000003175268",
	"TaskType": "TS20000166",
	"PoNumber": "4500019665",
	"PoNumberFormatted": "4500019665",
	"WiCreatedAt": "\/Date(1414087393000)\/",
	"ForwardedByID": "",
	"ForwardedByName": "",
	"SubstitutingForID": "",
	"SubstitutingForName": "",
	"CreatedByID": "MMDEMO",
	"CreatedByName": "Martin Miller",
	"Value": "50001000.00",
	"Currency": "EUR",
	"SupplierID": "1000",
	"SupplierName": "leitz 1",
	"ItemDescriptions": "2 items",
	"SearchForText": "",
	"HeaderDetails": {
		"__deferred": {
			"uri": "https://ldcigm4.wdf.sap.corp:44355/sap/opu/odata/SAP/GBAPP_POAPPROVAL;mo/WorkflowTaskCollection(SAP__Origin='Q5K_004',WorkitemID='000003175268')/HeaderDetails"
		}
	}
}, {
	"__metadata": {
		"id": "https://ldcigm4.wdf.sap.corp:44355/sap/opu/odata/SAP/GBAPP_POAPPROVAL;mo/WorkflowTaskCollection(SAP__Origin='Q5K_004',WorkitemID='000003175212')",
		"uri": "https://ldcigm4.wdf.sap.corp:44355/sap/opu/odata/SAP/GBAPP_POAPPROVAL;mo/WorkflowTaskCollection(SAP__Origin='Q5K_004',WorkitemID='000003175212')",
		"type": "GBAPP_POAPPROVAL.WorkflowTask"
	},
	"SAP__Origin": "Q5K_004",
	"WorkitemID": "000003175212",
	"TaskType": "TS20000166",
	"PoNumber": "4500019664",
	"PoNumberFormatted": "4500019664",
	"WiCreatedAt": "\/Date(1414087152000)\/",
	"ForwardedByID": "",
	"ForwardedByName": "",
	"SubstitutingForID": "",
	"SubstitutingForName": "",
	"CreatedByID": "MMDEMO",
	"CreatedByName": "Martin Miller",
	"Value": "1000.00",
	"Currency": "EUR",
	"SupplierID": "1000",
	"SupplierName": "leitz 1",
	"ItemDescriptions": "Stein",
	"SearchForText": "",
	"HeaderDetails": {
		"__deferred": {
			"uri": "https://ldcigm4.wdf.sap.corp:44355/sap/opu/odata/SAP/GBAPP_POAPPROVAL;mo/WorkflowTaskCollection(SAP__Origin='Q5K_004',WorkitemID='000003175212')/HeaderDetails"
		}
	}
}, {
	"__metadata": {
		"id": "https://ldcigm4.wdf.sap.corp:44355/sap/opu/odata/SAP/GBAPP_POAPPROVAL;mo/WorkflowTaskCollection(SAP__Origin='Q5K_004',WorkitemID='000003175213')",
		"uri": "https://ldcigm4.wdf.sap.corp:44355/sap/opu/odata/SAP/GBAPP_POAPPROVAL;mo/WorkflowTaskCollection(SAP__Origin='Q5K_004',WorkitemID='000003175213')",
		"type": "GBAPP_POAPPROVAL.WorkflowTask"
	},
	"SAP__Origin": "Q5K_004",
	"WorkitemID": "000003175213",
	"TaskType": "TS20000166",
	"PoNumber": "4500019664",
	"PoNumberFormatted": "4500019664",
	"WiCreatedAt": "\/Date(1414087152000)\/",
	"ForwardedByID": "",
	"ForwardedByName": "",
	"SubstitutingForID": "",
	"SubstitutingForName": "",
	"CreatedByID": "MMDEMO",
	"CreatedByName": "Martin Miller",
	"Value": "1000.00",
	"Currency": "EUR",
	"SupplierID": "1000",
	"SupplierName": "leitz 1",
	"ItemDescriptions": "Stein",
	"SearchForText": "",
	"HeaderDetails": {
		"__deferred": {
			"uri": "https://ldcigm4.wdf.sap.corp:44355/sap/opu/odata/SAP/GBAPP_POAPPROVAL;mo/WorkflowTaskCollection(SAP__Origin='Q5K_004',WorkitemID='000003175213')/HeaderDetails"
		}
	}
}, {
	"__metadata": {
		"id": "https://ldcigm4.wdf.sap.corp:44355/sap/opu/odata/SAP/GBAPP_POAPPROVAL;mo/WorkflowTaskCollection(SAP__Origin='Q5K_004',WorkitemID='000003175215')",
		"uri": "https://ldcigm4.wdf.sap.corp:44355/sap/opu/odata/SAP/GBAPP_POAPPROVAL;mo/WorkflowTaskCollection(SAP__Origin='Q5K_004',WorkitemID='000003175215')",
		"type": "GBAPP_POAPPROVAL.WorkflowTask"
	},
	"SAP__Origin": "Q5K_004",
	"WorkitemID": "000003175215",
	"TaskType": "TS20000166",
	"PoNumber": "4500019664",
	"PoNumberFormatted": "4500019664",
	"WiCreatedAt": "\/Date(1414087152000)\/",
	"ForwardedByID": "",
	"ForwardedByName": "",
	"SubstitutingForID": "",
	"SubstitutingForName": "",
	"CreatedByID": "MMDEMO",
	"CreatedByName": "Martin Miller",
	"Value": "1000.00",
	"Currency": "EUR",
	"SupplierID": "1000",
	"SupplierName": "leitz 1",
	"ItemDescriptions": "Stein",
	"SearchForText": "",
	"HeaderDetails": {
		"__deferred": {
			"uri": "https://ldcigm4.wdf.sap.corp:44355/sap/opu/odata/SAP/GBAPP_POAPPROVAL;mo/WorkflowTaskCollection(SAP__Origin='Q5K_004',WorkitemID='000003175215')/HeaderDetails"
		}
	}
}, {
	"__metadata": {
		"id": "https://ldcigm4.wdf.sap.corp:44355/sap/opu/odata/SAP/GBAPP_POAPPROVAL;mo/WorkflowTaskCollection(SAP__Origin='Q5K_004',WorkitemID='000003173724')",
		"uri": "https://ldcigm4.wdf.sap.corp:44355/sap/opu/odata/SAP/GBAPP_POAPPROVAL;mo/WorkflowTaskCollection(SAP__Origin='Q5K_004',WorkitemID='000003173724')",
		"type": "GBAPP_POAPPROVAL.WorkflowTask"
	},
	"SAP__Origin": "Q5K_004",
	"WorkitemID": "000003173724",
	"TaskType": "TS20000166",
	"PoNumber": "4500019663",
	"PoNumberFormatted": "4500019663",
	"WiCreatedAt": "\/Date(1414086933000)\/",
	"ForwardedByID": "",
	"ForwardedByName": "",
	"SubstitutingForID": "",
	"SubstitutingForName": "",
	"CreatedByID": "MMDEMO",
	"CreatedByName": "Martin Miller",
	"Value": "1000.00",
	"Currency": "EUR",
	"SupplierID": "1000",
	"SupplierName": "leitz 1",
	"ItemDescriptions": "Stein",
	"SearchForText": "",
	"HeaderDetails": {
		"__deferred": {
			"uri": "https://ldcigm4.wdf.sap.corp:44355/sap/opu/odata/SAP/GBAPP_POAPPROVAL;mo/WorkflowTaskCollection(SAP__Origin='Q5K_004',WorkitemID='000003173724')/HeaderDetails"
		}
	}
}, {
	"__metadata": {
		"id": "https://ldcigm4.wdf.sap.corp:44355/sap/opu/odata/SAP/GBAPP_POAPPROVAL;mo/WorkflowTaskCollection(SAP__Origin='Q5K_004',WorkitemID='000003173727')",
		"uri": "https://ldcigm4.wdf.sap.corp:44355/sap/opu/odata/SAP/GBAPP_POAPPROVAL;mo/WorkflowTaskCollection(SAP__Origin='Q5K_004',WorkitemID='000003173727')",
		"type": "GBAPP_POAPPROVAL.WorkflowTask"
	},
	"SAP__Origin": "Q5K_004",
	"WorkitemID": "000003173727",
	"TaskType": "TS20000166",
	"PoNumber": "4500019663",
	"PoNumberFormatted": "4500019663",
	"WiCreatedAt": "\/Date(1414086933000)\/",
	"ForwardedByID": "",
	"ForwardedByName": "",
	"SubstitutingForID": "",
	"SubstitutingForName": "",
	"CreatedByID": "MMDEMO",
	"CreatedByName": "Martin Miller",
	"Value": "1000.00",
	"Currency": "EUR",
	"SupplierID": "1000",
	"SupplierName": "leitz 1",
	"ItemDescriptions": "Stein",
	"SearchForText": "",
	"HeaderDetails": {
		"__deferred": {
			"uri": "https://ldcigm4.wdf.sap.corp:44355/sap/opu/odata/SAP/GBAPP_POAPPROVAL;mo/WorkflowTaskCollection(SAP__Origin='Q5K_004',WorkitemID='000003173727')/HeaderDetails"
		}
	}
}, {
	"__metadata": {
		"id": "https://ldcigm4.wdf.sap.corp:44355/sap/opu/odata/SAP/GBAPP_POAPPROVAL;mo/WorkflowTaskCollection(SAP__Origin='Q5K_004',WorkitemID='000003173728')",
		"uri": "https://ldcigm4.wdf.sap.corp:44355/sap/opu/odata/SAP/GBAPP_POAPPROVAL;mo/WorkflowTaskCollection(SAP__Origin='Q5K_004',WorkitemID='000003173728')",
		"type": "GBAPP_POAPPROVAL.WorkflowTask"
	},
	"SAP__Origin": "Q5K_004",
	"WorkitemID": "000003173728",
	"TaskType": "TS20000166",
	"PoNumber": "4500019663",
	"PoNumberFormatted": "4500019663",
	"WiCreatedAt": "\/Date(1414086933000)\/",
	"ForwardedByID": "",
	"ForwardedByName": "",
	"SubstitutingForID": "",
	"SubstitutingForName": "",
	"CreatedByID": "MMDEMO",
	"CreatedByName": "Martin Miller",
	"Value": "1000.00",
	"Currency": "EUR",
	"SupplierID": "1000",
	"SupplierName": "leitz 1",
	"ItemDescriptions": "Stein",
	"SearchForText": "",
	"HeaderDetails": {
		"__deferred": {
			"uri": "https://ldcigm4.wdf.sap.corp:44355/sap/opu/odata/SAP/GBAPP_POAPPROVAL;mo/WorkflowTaskCollection(SAP__Origin='Q5K_004',WorkitemID='000003173728')/HeaderDetails"
		}
	}
}, {
	"__metadata": {
		"id": "https://ldcigm4.wdf.sap.corp:44355/sap/opu/odata/SAP/GBAPP_POAPPROVAL;mo/WorkflowTaskCollection(SAP__Origin='Q5K_004',WorkitemID='000003143787')",
		"uri": "https://ldcigm4.wdf.sap.corp:44355/sap/opu/odata/SAP/GBAPP_POAPPROVAL;mo/WorkflowTaskCollection(SAP__Origin='Q5K_004',WorkitemID='000003143787')",
		"type": "GBAPP_POAPPROVAL.WorkflowTask"
	},
	"SAP__Origin": "Q5K_004",
	"WorkitemID": "000003143787",
	"TaskType": "TS20000166",
	"PoNumber": "4500019659",
	"PoNumberFormatted": "4500019659",
	"WiCreatedAt": "\/Date(1413307985000)\/",
	"ForwardedByID": "",
	"ForwardedByName": "",
	"SubstitutingForID": "",
	"SubstitutingForName": "",
	"CreatedByID": "MMDEMO",
	"CreatedByName": "Martin Miller",
	"Value": "51185.00",
	"Currency": "EUR",
	"SupplierID": "1002",
	"SupplierName": "MÃ¼ller KG1",
	"ItemDescriptions": "Machine",
	"SearchForText": "",
	"HeaderDetails": {
		"__deferred": {
			"uri": "https://ldcigm4.wdf.sap.corp:44355/sap/opu/odata/SAP/GBAPP_POAPPROVAL;mo/WorkflowTaskCollection(SAP__Origin='Q5K_004',WorkitemID='000003143787')/HeaderDetails"
		}
	}
}, {
	"__metadata": {
		"id": "https://ldcigm4.wdf.sap.corp:44355/sap/opu/odata/SAP/GBAPP_POAPPROVAL;mo/WorkflowTaskCollection(SAP__Origin='Q5K_004',WorkitemID='000003143789')",
		"uri": "https://ldcigm4.wdf.sap.corp:44355/sap/opu/odata/SAP/GBAPP_POAPPROVAL;mo/WorkflowTaskCollection(SAP__Origin='Q5K_004',WorkitemID='000003143789')",
		"type": "GBAPP_POAPPROVAL.WorkflowTask"
	},
	"SAP__Origin": "Q5K_004",
	"WorkitemID": "000003143789",
	"TaskType": "TS20000166",
	"PoNumber": "4500019659",
	"PoNumberFormatted": "4500019659",
	"WiCreatedAt": "\/Date(1413307985000)\/",
	"ForwardedByID": "",
	"ForwardedByName": "",
	"SubstitutingForID": "",
	"SubstitutingForName": "",
	"CreatedByID": "MMDEMO",
	"CreatedByName": "Martin Miller",
	"Value": "51185.00",
	"Currency": "EUR",
	"SupplierID": "1002",
	"SupplierName": "MÃ¼ller KG1",
	"ItemDescriptions": "Machine",
	"SearchForText": "",
	"HeaderDetails": {
		"__deferred": {
			"uri": "https://ldcigm4.wdf.sap.corp:44355/sap/opu/odata/SAP/GBAPP_POAPPROVAL;mo/WorkflowTaskCollection(SAP__Origin='Q5K_004',WorkitemID='000003143789')/HeaderDetails"
		}
	}
}, {
	"__metadata": {
		"id": "https://ldcigm4.wdf.sap.corp:44355/sap/opu/odata/SAP/GBAPP_POAPPROVAL;mo/WorkflowTaskCollection(SAP__Origin='Q5K_004',WorkitemID='000003143790')",
		"uri": "https://ldcigm4.wdf.sap.corp:44355/sap/opu/odata/SAP/GBAPP_POAPPROVAL;mo/WorkflowTaskCollection(SAP__Origin='Q5K_004',WorkitemID='000003143790')",
		"type": "GBAPP_POAPPROVAL.WorkflowTask"
	},
	"SAP__Origin": "Q5K_004",
	"WorkitemID": "000003143790",
	"TaskType": "TS20000166",
	"PoNumber": "4500019659",
	"PoNumberFormatted": "4500019659",
	"WiCreatedAt": "\/Date(1413307985000)\/",
	"ForwardedByID": "",
	"ForwardedByName": "",
	"SubstitutingForID": "",
	"SubstitutingForName": "",
	"CreatedByID": "MMDEMO",
	"CreatedByName": "Martin Miller",
	"Value": "51185.00",
	"Currency": "EUR",
	"SupplierID": "1002",
	"SupplierName": "MÃ¼ller KG1",
	"ItemDescriptions": "Machine",
	"SearchForText": "",
	"HeaderDetails": {
		"__deferred": {
			"uri": "https://ldcigm4.wdf.sap.corp:44355/sap/opu/odata/SAP/GBAPP_POAPPROVAL;mo/WorkflowTaskCollection(SAP__Origin='Q5K_004',WorkitemID='000003143790')/HeaderDetails"
		}
	}
}, {
	"__metadata": {
		"id": "https://ldcigm4.wdf.sap.corp:44355/sap/opu/odata/SAP/GBAPP_POAPPROVAL;mo/WorkflowTaskCollection(SAP__Origin='Q5K_004',WorkitemID='000003143235')",
		"uri": "https://ldcigm4.wdf.sap.corp:44355/sap/opu/odata/SAP/GBAPP_POAPPROVAL;mo/WorkflowTaskCollection(SAP__Origin='Q5K_004',WorkitemID='000003143235')",
		"type": "GBAPP_POAPPROVAL.WorkflowTask"
	},
	"SAP__Origin": "Q5K_004",
	"WorkitemID": "000003143235",
	"TaskType": "TS20000166",
	"PoNumber": "4500019658",
	"PoNumberFormatted": "4500019658",
	"WiCreatedAt": "\/Date(1413307982000)\/",
	"ForwardedByID": "",
	"ForwardedByName": "",
	"SubstitutingForID": "",
	"SubstitutingForName": "",
	"CreatedByID": "MMDEMO",
	"CreatedByName": "Martin Miller",
	"Value": "102370.00",
	"Currency": "EUR",
	"SupplierID": "1002",
	"SupplierName": "MÃ¼ller KG1",
	"ItemDescriptions": "2 items",
	"SearchForText": "",
	"HeaderDetails": {
		"__deferred": {
			"uri": "https://ldcigm4.wdf.sap.corp:44355/sap/opu/odata/SAP/GBAPP_POAPPROVAL;mo/WorkflowTaskCollection(SAP__Origin='Q5K_004',WorkitemID='000003143235')/HeaderDetails"
		}
	}
}, {
	"__metadata": {
		"id": "https://ldcigm4.wdf.sap.corp:44355/sap/opu/odata/SAP/GBAPP_POAPPROVAL;mo/WorkflowTaskCollection(SAP__Origin='Q5K_004',WorkitemID='000003143236')",
		"uri": "https://ldcigm4.wdf.sap.corp:44355/sap/opu/odata/SAP/GBAPP_POAPPROVAL;mo/WorkflowTaskCollection(SAP__Origin='Q5K_004',WorkitemID='000003143236')",
		"type": "GBAPP_POAPPROVAL.WorkflowTask"
	},
	"SAP__Origin": "Q5K_004",
	"WorkitemID": "000003143236",
	"TaskType": "TS20000166",
	"PoNumber": "4500019658",
	"PoNumberFormatted": "4500019658",
	"WiCreatedAt": "\/Date(1413307982000)\/",
	"ForwardedByID": "",
	"ForwardedByName": "",
	"SubstitutingForID": "",
	"SubstitutingForName": "",
	"CreatedByID": "MMDEMO",
	"CreatedByName": "Martin Miller",
	"Value": "102370.00",
	"Currency": "EUR",
	"SupplierID": "1002",
	"SupplierName": "MÃ¼ller KG1",
	"ItemDescriptions": "2 items",
	"SearchForText": "",
	"HeaderDetails": {
		"__deferred": {
			"uri": "https://ldcigm4.wdf.sap.corp:44355/sap/opu/odata/SAP/GBAPP_POAPPROVAL;mo/WorkflowTaskCollection(SAP__Origin='Q5K_004',WorkitemID='000003143236')/HeaderDetails"
		}
	}
}, {
	"__metadata": {
		"id": "https://ldcigm4.wdf.sap.corp:44355/sap/opu/odata/SAP/GBAPP_POAPPROVAL;mo/WorkflowTaskCollection(SAP__Origin='Q5K_004',WorkitemID='000003143240')",
		"uri": "https://ldcigm4.wdf.sap.corp:44355/sap/opu/odata/SAP/GBAPP_POAPPROVAL;mo/WorkflowTaskCollection(SAP__Origin='Q5K_004',WorkitemID='000003143240')",
		"type": "GBAPP_POAPPROVAL.WorkflowTask"
	},
	"SAP__Origin": "Q5K_004",
	"WorkitemID": "000003143240",
	"TaskType": "TS20000166",
	"PoNumber": "4500019658",
	"PoNumberFormatted": "4500019658",
	"WiCreatedAt": "\/Date(1413307982000)\/",
	"ForwardedByID": "",
	"ForwardedByName": "",
	"SubstitutingForID": "",
	"SubstitutingForName": "",
	"CreatedByID": "MMDEMO",
	"CreatedByName": "Martin Miller",
	"Value": "102370.00",
	"Currency": "EUR",
	"SupplierID": "1002",
	"SupplierName": "MÃ¼ller KG1",
	"ItemDescriptions": "2 items",
	"SearchForText": "",
	"HeaderDetails": {
		"__deferred": {
			"uri": "https://ldcigm4.wdf.sap.corp:44355/sap/opu/odata/SAP/GBAPP_POAPPROVAL;mo/WorkflowTaskCollection(SAP__Origin='Q5K_004',WorkitemID='000003143240')/HeaderDetails"
		}
	}
}, {
	"__metadata": {
		"id": "https://ldcigm4.wdf.sap.corp:44355/sap/opu/odata/SAP/GBAPP_POAPPROVAL;mo/WorkflowTaskCollection(SAP__Origin='Q5K_004',WorkitemID='000003143775')",
		"uri": "https://ldcigm4.wdf.sap.corp:44355/sap/opu/odata/SAP/GBAPP_POAPPROVAL;mo/WorkflowTaskCollection(SAP__Origin='Q5K_004',WorkitemID='000003143775')",
		"type": "GBAPP_POAPPROVAL.WorkflowTask"
	},
	"SAP__Origin": "Q5K_004",
	"WorkitemID": "000003143775",
	"TaskType": "TS20000166",
	"PoNumber": "4500019657",
	"PoNumberFormatted": "4500019657",
	"WiCreatedAt": "\/Date(1413307977000)\/",
	"ForwardedByID": "",
	"ForwardedByName": "",
	"SubstitutingForID": "",
	"SubstitutingForName": "",
	"CreatedByID": "MMDEMO",
	"CreatedByName": "Martin Miller",
	"Value": "51185.00",
	"Currency": "EUR",
	"SupplierID": "1002",
	"SupplierName": "MÃ¼ller KG1",
	"ItemDescriptions": "Machine",
	"SearchForText": "",
	"HeaderDetails": {
		"__deferred": {
			"uri": "https://ldcigm4.wdf.sap.corp:44355/sap/opu/odata/SAP/GBAPP_POAPPROVAL;mo/WorkflowTaskCollection(SAP__Origin='Q5K_004',WorkitemID='000003143775')/HeaderDetails"
		}
	}
}, {
	"__metadata": {
		"id": "https://ldcigm4.wdf.sap.corp:44355/sap/opu/odata/SAP/GBAPP_POAPPROVAL;mo/WorkflowTaskCollection(SAP__Origin='Q5K_004',WorkitemID='000003143776')",
		"uri": "https://ldcigm4.wdf.sap.corp:44355/sap/opu/odata/SAP/GBAPP_POAPPROVAL;mo/WorkflowTaskCollection(SAP__Origin='Q5K_004',WorkitemID='000003143776')",
		"type": "GBAPP_POAPPROVAL.WorkflowTask"
	},
	"SAP__Origin": "Q5K_004",
	"WorkitemID": "000003143776",
	"TaskType": "TS20000166",
	"PoNumber": "4500019657",
	"PoNumberFormatted": "4500019657",
	"WiCreatedAt": "\/Date(1413307977000)\/",
	"ForwardedByID": "",
	"ForwardedByName": "",
	"SubstitutingForID": "",
	"SubstitutingForName": "",
	"CreatedByID": "MMDEMO",
	"CreatedByName": "Martin Miller",
	"Value": "51185.00",
	"Currency": "EUR",
	"SupplierID": "1002",
	"SupplierName": "MÃ¼ller KG1",
	"ItemDescriptions": "Machine",
	"SearchForText": "",
	"HeaderDetails": {
		"__deferred": {
			"uri": "https://ldcigm4.wdf.sap.corp:44355/sap/opu/odata/SAP/GBAPP_POAPPROVAL;mo/WorkflowTaskCollection(SAP__Origin='Q5K_004',WorkitemID='000003143776')/HeaderDetails"
		}
	}
}, {
	"__metadata": {
		"id": "https://ldcigm4.wdf.sap.corp:44355/sap/opu/odata/SAP/GBAPP_POAPPROVAL;mo/WorkflowTaskCollection(SAP__Origin='Q5K_004',WorkitemID='000003143777')",
		"uri": "https://ldcigm4.wdf.sap.corp:44355/sap/opu/odata/SAP/GBAPP_POAPPROVAL;mo/WorkflowTaskCollection(SAP__Origin='Q5K_004',WorkitemID='000003143777')",
		"type": "GBAPP_POAPPROVAL.WorkflowTask"
	},
	"SAP__Origin": "Q5K_004",
	"WorkitemID": "000003143777",
	"TaskType": "TS20000166",
	"PoNumber": "4500019657",
	"PoNumberFormatted": "4500019657",
	"WiCreatedAt": "\/Date(1413307977000)\/",
	"ForwardedByID": "",
	"ForwardedByName": "",
	"SubstitutingForID": "",
	"SubstitutingForName": "",
	"CreatedByID": "MMDEMO",
	"CreatedByName": "Martin Miller",
	"Value": "51185.00",
	"Currency": "EUR",
	"SupplierID": "1002",
	"SupplierName": "MÃ¼ller KG1",
	"ItemDescriptions": "Machine",
	"SearchForText": "",
	"HeaderDetails": {
		"__deferred": {
			"uri": "https://ldcigm4.wdf.sap.corp:44355/sap/opu/odata/SAP/GBAPP_POAPPROVAL;mo/WorkflowTaskCollection(SAP__Origin='Q5K_004',WorkitemID='000003143777')/HeaderDetails"
		}
	}
}, {
	"__metadata": {
		"id": "https://ldcigm4.wdf.sap.corp:44355/sap/opu/odata/SAP/GBAPP_POAPPROVAL;mo/WorkflowTaskCollection(SAP__Origin='Q5K_004',WorkitemID='000002096591')",
		"uri": "https://ldcigm4.wdf.sap.corp:44355/sap/opu/odata/SAP/GBAPP_POAPPROVAL;mo/WorkflowTaskCollection(SAP__Origin='Q5K_004',WorkitemID='000002096591')",
		"type": "GBAPP_POAPPROVAL.WorkflowTask"
	},
	"SAP__Origin": "Q5K_004",
	"WorkitemID": "000002096591",
	"TaskType": "TS20000166",
	"PoNumber": "4500019514",
	"PoNumberFormatted": "4500019514",
	"WiCreatedAt": "\/Date(1386976679000)\/",
	"ForwardedByID": "VISHAL",
	"ForwardedByName": "Vivek Vishal",
	"SubstitutingForID": "",
	"SubstitutingForName": "",
	"CreatedByID": "SCHULZKE",
	"CreatedByName": "Dr. Erich Schulzke",
	"Value": "126.66567",
	"Currency": "USD",
	"SupplierID": "1002",
	"SupplierName": "MÃ¼ller KG1",
	"ItemDescriptions": "3 items",
	"SearchForText": "",
	"HeaderDetails": {
		"__deferred": {
			"uri": "https://ldcigm4.wdf.sap.corp:44355/sap/opu/odata/SAP/GBAPP_POAPPROVAL;mo/WorkflowTaskCollection(SAP__Origin='Q5K_004',WorkitemID='000002096591')/HeaderDetails"
		}
	}
}, {
	"__metadata": {
		"id": "https://ldcigm4.wdf.sap.corp:44355/sap/opu/odata/SAP/GBAPP_POAPPROVAL;mo/WorkflowTaskCollection(SAP__Origin='Q7D_004',WorkitemID='000001719882')",
		"uri": "https://ldcigm4.wdf.sap.corp:44355/sap/opu/odata/SAP/GBAPP_POAPPROVAL;mo/WorkflowTaskCollection(SAP__Origin='Q7D_004',WorkitemID='000001719882')",
		"type": "GBAPP_POAPPROVAL.WorkflowTask"
	},
	"SAP__Origin": "Q7D_004",
	"WorkitemID": "000001719882",
	"TaskType": "TS20000166",
	"PoNumber": "4500019447",
	"PoNumberFormatted": "4500019447",
	"WiCreatedAt": "\/Date(1415186309000)\/",
	"ForwardedByID": "",
	"ForwardedByName": "",
	"SubstitutingForID": "",
	"SubstitutingForName": "",
	"CreatedByID": "MMDEMO",
	"CreatedByName": "Michael Material",
	"Value": "27110.00",
	"Currency": "EUR",
	"SupplierID": "AGENCY11",
	"SupplierName": "Real Estate Agency Hamburg",
	"ItemDescriptions": "2 items",
	"SearchForText": "",
	"HeaderDetails": {
		"__deferred": {
			"uri": "https://ldcigm4.wdf.sap.corp:44355/sap/opu/odata/SAP/GBAPP_POAPPROVAL;mo/WorkflowTaskCollection(SAP__Origin='Q7D_004',WorkitemID='000001719882')/HeaderDetails"
		}
	}
}, {
	"__metadata": {
		"id": "https://ldcigm4.wdf.sap.corp:44355/sap/opu/odata/SAP/GBAPP_POAPPROVAL;mo/WorkflowTaskCollection(SAP__Origin='Q7D_004',WorkitemID='000001719869')",
		"uri": "https://ldcigm4.wdf.sap.corp:44355/sap/opu/odata/SAP/GBAPP_POAPPROVAL;mo/WorkflowTaskCollection(SAP__Origin='Q7D_004',WorkitemID='000001719869')",
		"type": "GBAPP_POAPPROVAL.WorkflowTask"
	},
	"SAP__Origin": "Q7D_004",
	"WorkitemID": "000001719869",
	"TaskType": "TS20000166",
	"PoNumber": "4500019446",
	"PoNumberFormatted": "4500019446",
	"WiCreatedAt": "\/Date(1415186294000)\/",
	"ForwardedByID": "",
	"ForwardedByName": "",
	"SubstitutingForID": "",
	"SubstitutingForName": "",
	"CreatedByID": "MMDEMO",
	"CreatedByName": "Michael Material",
	"Value": "300002110.00",
	"Currency": "EUR",
	"SupplierID": "AGENCY28",
	"SupplierName": "Real Estate Agency Hamburg",
	"ItemDescriptions": "2 items",
	"SearchForText": "",
	"HeaderDetails": {
		"__deferred": {
			"uri": "https://ldcigm4.wdf.sap.corp:44355/sap/opu/odata/SAP/GBAPP_POAPPROVAL;mo/WorkflowTaskCollection(SAP__Origin='Q7D_004',WorkitemID='000001719869')/HeaderDetails"
		}
	}
}, {
	"__metadata": {
		"id": "https://ldcigm4.wdf.sap.corp:44355/sap/opu/odata/SAP/GBAPP_POAPPROVAL;mo/WorkflowTaskCollection(SAP__Origin='Q7D_004',WorkitemID='000001719862')",
		"uri": "https://ldcigm4.wdf.sap.corp:44355/sap/opu/odata/SAP/GBAPP_POAPPROVAL;mo/WorkflowTaskCollection(SAP__Origin='Q7D_004',WorkitemID='000001719862')",
		"type": "GBAPP_POAPPROVAL.WorkflowTask"
	},
	"SAP__Origin": "Q7D_004",
	"WorkitemID": "000001719862",
	"TaskType": "TS20000166",
	"PoNumber": "4500019445",
	"PoNumberFormatted": "4500019445",
	"WiCreatedAt": "\/Date(1415186288000)\/",
	"ForwardedByID": "",
	"ForwardedByName": "",
	"SubstitutingForID": "",
	"SubstitutingForName": "",
	"CreatedByID": "MMDEMO",
	"CreatedByName": "Michael Material",
	"Value": "300002110.00",
	"Currency": "EUR",
	"SupplierID": "AGENCY28",
	"SupplierName": "Real Estate Agency Hamburg",
	"ItemDescriptions": "2 items",
	"SearchForText": "",
	"HeaderDetails": {
		"__deferred": {
			"uri": "https://ldcigm4.wdf.sap.corp:44355/sap/opu/odata/SAP/GBAPP_POAPPROVAL;mo/WorkflowTaskCollection(SAP__Origin='Q7D_004',WorkitemID='000001719862')/HeaderDetails"
		}
	}
}, {
	"__metadata": {
		"id": "https://ldcigm4.wdf.sap.corp:44355/sap/opu/odata/SAP/GBAPP_POAPPROVAL;mo/WorkflowTaskCollection(SAP__Origin='Q7D_004',WorkitemID='000001719851')",
		"uri": "https://ldcigm4.wdf.sap.corp:44355/sap/opu/odata/SAP/GBAPP_POAPPROVAL;mo/WorkflowTaskCollection(SAP__Origin='Q7D_004',WorkitemID='000001719851')",
		"type": "GBAPP_POAPPROVAL.WorkflowTask"
	},
	"SAP__Origin": "Q7D_004",
	"WorkitemID": "000001719851",
	"TaskType": "TS20000166",
	"PoNumber": "4500019444",
	"PoNumberFormatted": "4500019444",
	"WiCreatedAt": "\/Date(1415186266000)\/",
	"ForwardedByID": "",
	"ForwardedByName": "",
	"SubstitutingForID": "",
	"SubstitutingForName": "",
	"CreatedByID": "MMDEMO",
	"CreatedByName": "Michael Material",
	"Value": "300002110.00",
	"Currency": "EUR",
	"SupplierID": "AGENCY28",
	"SupplierName": "Real Estate Agency Hamburg",
	"ItemDescriptions": "2 items",
	"SearchForText": "",
	"HeaderDetails": {
		"__deferred": {
			"uri": "https://ldcigm4.wdf.sap.corp:44355/sap/opu/odata/SAP/GBAPP_POAPPROVAL;mo/WorkflowTaskCollection(SAP__Origin='Q7D_004',WorkitemID='000001719851')/HeaderDetails"
		}
	}
}, {
	"__metadata": {
		"id": "https://ldcigm4.wdf.sap.corp:44355/sap/opu/odata/SAP/GBAPP_POAPPROVAL;mo/WorkflowTaskCollection(SAP__Origin='Q7D_004',WorkitemID='000001719714')",
		"uri": "https://ldcigm4.wdf.sap.corp:44355/sap/opu/odata/SAP/GBAPP_POAPPROVAL;mo/WorkflowTaskCollection(SAP__Origin='Q7D_004',WorkitemID='000001719714')",
		"type": "GBAPP_POAPPROVAL.WorkflowTask"
	},
	"SAP__Origin": "Q7D_004",
	"WorkitemID": "000001719714",
	"TaskType": "TS20000166",
	"PoNumber": "4500019443",
	"PoNumberFormatted": "4500019443",
	"WiCreatedAt": "\/Date(1415083435000)\/",
	"ForwardedByID": "",
	"ForwardedByName": "",
	"SubstitutingForID": "",
	"SubstitutingForName": "",
	"CreatedByID": "MMDEMO",
	"CreatedByName": "Michael Material",
	"Value": "30060.00",
	"Currency": "EUR",
	"SupplierID": "AGENCY28",
	"SupplierName": "Real Estate Agency Hamburg",
	"ItemDescriptions": "Blue Finishing Paint (5L Canister)",
	"SearchForText": "",
	"HeaderDetails": {
		"__deferred": {
			"uri": "https://ldcigm4.wdf.sap.corp:44355/sap/opu/odata/SAP/GBAPP_POAPPROVAL;mo/WorkflowTaskCollection(SAP__Origin='Q7D_004',WorkitemID='000001719714')/HeaderDetails"
		}
	}
}, {
	"__metadata": {
		"id": "https://ldcigm4.wdf.sap.corp:44355/sap/opu/odata/SAP/GBAPP_POAPPROVAL;mo/WorkflowTaskCollection(SAP__Origin='Q7D_004',WorkitemID='000001718788')",
		"uri": "https://ldcigm4.wdf.sap.corp:44355/sap/opu/odata/SAP/GBAPP_POAPPROVAL;mo/WorkflowTaskCollection(SAP__Origin='Q7D_004',WorkitemID='000001718788')",
		"type": "GBAPP_POAPPROVAL.WorkflowTask"
	},
	"SAP__Origin": "Q7D_004",
	"WorkitemID": "000001718788",
	"TaskType": "TS20000166",
	"PoNumber": "4500019435",
	"PoNumberFormatted": "4500019435",
	"WiCreatedAt": "\/Date(1414766320000)\/",
	"ForwardedByID": "",
	"ForwardedByName": "",
	"SubstitutingForID": "",
	"SubstitutingForName": "",
	"CreatedByID": "MMDEMO",
	"CreatedByName": "Michael Material",
	"Value": "25000.00",
	"Currency": "EUR",
	"SupplierID": "AGENCY11",
	"SupplierName": "Real Estate Agency Hamburg",
	"ItemDescriptions": "Whiteboard",
	"SearchForText": "",
	"HeaderDetails": {
		"__deferred": {
			"uri": "https://ldcigm4.wdf.sap.corp:44355/sap/opu/odata/SAP/GBAPP_POAPPROVAL;mo/WorkflowTaskCollection(SAP__Origin='Q7D_004',WorkitemID='000001718788')/HeaderDetails"
		}
	}
}, {
	"__metadata": {
		"id": "https://ldcigm4.wdf.sap.corp:44355/sap/opu/odata/SAP/GBAPP_POAPPROVAL;mo/WorkflowTaskCollection(SAP__Origin='Q7D_004',WorkitemID='000001718769')",
		"uri": "https://ldcigm4.wdf.sap.corp:44355/sap/opu/odata/SAP/GBAPP_POAPPROVAL;mo/WorkflowTaskCollection(SAP__Origin='Q7D_004',WorkitemID='000001718769')",
		"type": "GBAPP_POAPPROVAL.WorkflowTask"
	},
	"SAP__Origin": "Q7D_004",
	"WorkitemID": "000001718769",
	"TaskType": "TS20000166",
	"PoNumber": "4500019433",
	"PoNumberFormatted": "4500019433",
	"WiCreatedAt": "\/Date(1414766314000)\/",
	"ForwardedByID": "",
	"ForwardedByName": "",
	"SubstitutingForID": "",
	"SubstitutingForName": "",
	"CreatedByID": "MMDEMO",
	"CreatedByName": "Michael Material",
	"Value": "50000.00",
	"Currency": "EUR",
	"SupplierID": "AGENCY11",
	"SupplierName": "Real Estate Agency Hamburg",
	"ItemDescriptions": "2 items",
	"SearchForText": "",
	"HeaderDetails": {
		"__deferred": {
			"uri": "https://ldcigm4.wdf.sap.corp:44355/sap/opu/odata/SAP/GBAPP_POAPPROVAL;mo/WorkflowTaskCollection(SAP__Origin='Q7D_004',WorkitemID='000001718769')/HeaderDetails"
		}
	}
}]